{
    "lr": 0.000510753964866869,
    "batch_size": 64,
    "optimizer": "Adam",
    "scheduler": "CosineAnnealingLR",
    "weight_decay": 1.9547932698947658e-05,
    "momentum": 0.9668957400876318,
    "shift_limit": 0.031093613247891404,
    "scale_limit": 0.03453229857924949,
    "rotate_limit": 3,
    "p_ShiftScaleRotate": 0.4002319329123872,
    "brightness_limit": 0.1603913800465498,
    "contrast_limit": 0.21538713295649292,
    "p_BrightnessContrast": 0.09102159869005591,
    "invert_p": 0.01
}